n_clusters,wcss
1,1651.917721576043
2,621.8941793420423
3,465.91551303849144
4,371.85155586572625
5,311.18512263065884
6,266.5068453889876
7,242.89251520628488
8,222.55692666852718
9,208.36385884266417
10,196.2667679264232
