cluster,hour_0,hour_1,hour_2,hour_3,hour_4,hour_5,hour_6,hour_7,hour_8,hour_9,hour_10,hour_11,hour_12,hour_13,hour_14,hour_15,hour_16,hour_17,hour_18,hour_19,hour_20,hour_21,hour_22,hour_23
1,0.2427971602434077,0.24795943204868154,0.2561338742393509,0.26573630831643,0.2730243407707911,0.27322109533468564,0.2715496957403651,0.2631298174442191,0.23445841784989857,0.20253346855983773,0.201210953346856,0.19688438133874242,0.18581947261663284,0.18193711967545637,0.1813002028397566,0.1783975659229209,0.17452535496957403,0.17031440162271805,0.16951724137931035,0.18643813387423935,0.20735699797160245,0.22554766734279919,0.23221095334685599,0.2358823529411765
2,0.6156944444444444,0.6135138888888889,0.6083124999999999,0.6016979166666666,0.5957847222222222,0.59503125,0.5933055555555555,0.5876909722222222,0.5767534722222222,0.6108506944444445,0.6548819444444445,0.66628125,0.6631180555555556,0.66790625,0.6719375,0.6744826388888889,0.6715972222222222,0.6535937500000001,0.6255555555555555,0.6322430555555556,0.6545659722222221,0.6629618055555555,0.6476736111111111,0.6288611111111111
3,0.7553546511627907,0.770982558139535,0.7773313953488372,0.779656976744186,0.7781162790697675,0.77175,0.7540174418604652,0.6911337209302325,0.5308720930232558,0.4007558139534884,0.3821453488372093,0.3713779069767442,0.3596046511627907,0.3650988372093023,0.37231976744186046,0.37742441860465115,0.38679069767441865,0.40148837209302324,0.4454651162790698,0.5197441860465116,0.5928720930232558,0.6491802325581396,0.685406976744186,0.7222674418604651
4,0.27052631578947367,0.26480075187969926,0.2623533834586466,0.261015037593985,0.2608496240601504,0.2648872180451128,0.27517293233082707,0.30240601503759396,0.40891729323308273,0.6165827067669173,0.7258834586466165,0.7448834586466165,0.7242894736842105,0.7164473684210526,0.7219135338345865,0.708172932330827,0.6717406015037594,0.5911015037593985,0.4523308270676692,0.3705864661654135,0.34519924812030073,0.3269699248120301,0.29953759398496244,0.2724736842105263
5,0.5043736263736264,0.5258278388278388,0.5378424908424908,0.5443846153846154,0.5447435897435897,0.538084249084249,0.5212747252747253,0.4600805860805861,0.3232014652014652,0.22891575091575092,0.21445421245421245,0.20611355311355312,0.1976043956043956,0.199003663003663,0.20232234432234433,0.2032747252747253,0.20754945054945056,0.2155934065934066,0.23936630036630036,0.2874945054945055,0.34003663003663004,0.38750915750915754,0.4216886446886447,0.4611611721611722
