n_clusters,wcss
1,1802.2496514222519
2,949.5390602683083
3,622.3321433599901
4,477.8184835706385
5,414.02617499587893
6,363.6103959138644
7,321.8075169310606
8,288.4236543558457
9,268.2055812943477
10,253.4806404352914
